format,phase,gpu,operator,type,m,n,k,kernel,grid,block,fp32_flops,duration_s,dram_bytes,fp32_flops_per_byte,fp32_flops_per_s,samples,scope,compute_roof_fp32_flops_per_s,dram_roof_bytes_per_s
Q4_K_M,prefill,0,Q projection,q4_K,8192,512,8192,"void mul_mat_q<(ggml_type)12, (int)128, (bool)0>(const char *, const int *, const int *, const int *, float *, float *, const float *, uint3, int, int, int, int, int, uint3, uint3, int, int, int, uint3, uint3, int, int, int, uint3)","(84, 1, 1)","(32, 8, 1)",5368709120.0,0.000654448,219727552.0,24.43348727850772,8203516154235.055,2,one exploratory capture,38700000000000.0,768000000000.0
Q4_K_M,prefill,0,V projection,q6_K,1024,512,8192,"void mul_mat_q<(ggml_type)14, (int)128, (bool)0>(const char *, const int *, const int *, const int *, float *, float *, const float *, uint3, int, int, int, int, int, uint3, uint3, int, int, int, uint3, uint3, int, int, int, uint3)","(84, 1, 1)","(32, 8, 1)",335544320.0,0.000118016,36656384.0,9.153775778865695,2843210412147.5054,3,one exploratory capture,38700000000000.0,768000000000.0
Q4_K_M,prefill,0,K projection,q4_K,1024,512,8192,"void mul_mat_q<(ggml_type)12, (int)128, (bool)0>(const char *, const int *, const int *, const int *, float *, float *, const float *, uint3, int, int, int, int, int, uint3, uint3, int, int, int, uint3, uint3, int, int, int, uint3)","(84, 1, 1)","(32, 8, 1)",671088640.0,0.00010102400000000001,26478464.0,25.346554495113065,6642866144023.39,2,one exploratory capture,38700000000000.0,768000000000.0
Q4_K_M,prefill,0,FlashAttention,f32,,,,"void flash_attn_ext_f16<(int)128, (int)128, (int)8, (int)8, (bool)0, (bool)0, (bool)0>(const char *, const char *, const char *, const char *, const char *, const int *, float *, float2 *, float, float, float, float, unsigned int, float, int, uint3, int, int, int, int, int, int, int, int, int, int, int, long, int, int, long, int, int, int, int, int, long)","(512, 1, 1)","(32, 4, 1)",96731136.0,0.000130304,38950016.0,2.483468453517452,742349705304.5187,5,one exploratory capture,38700000000000.0,768000000000.0
Q4_K_M,prefill,0,Attn. output,q4_K,8192,512,8192,"void mul_mat_q<(ggml_type)12, (int)128, (bool)0>(const char *, const int *, const int *, const int *, float *, float *, const float *, uint3, int, int, int, int, int, uint3, uint3, int, int, int, uint3, uint3, int, int, int, uint3)","(84, 1, 1)","(32, 8, 1)",5368709120.0,0.00065472,219661056.0,24.440878222856217,8200007820136.853,1,one exploratory capture,38700000000000.0,768000000000.0
Q4_K_M,prefill,0,FFN gate/up,q4_K,28672,512,8192,"void mul_mat_q<(ggml_type)12, (int)128, (bool)0>(const char *, const int *, const int *, const int *, float *, float *, const float *, uint3, int, int, int, int, int, uint3, uint3, int, int, int, uint3, uint3, int, int, int, uint3)","(896, 1, 1)","(32, 8, 1)",18790481920.0,0.002264,243267840.0,77.2419482986325,8299682826855.124,5,one exploratory capture,38700000000000.0,768000000000.0
Q4_K_M,prefill,0,FFN down,q6_K,8192,512,28672,"void mul_mat_q<(ggml_type)14, (int)128, (bool)0>(const char *, const int *, const int *, const int *, float *, float *, const float *, uint3, int, int, int, int, int, uint3, uint3, int, int, int, uint3, uint3, int, int, int, uint3)","(84, 1, 1)","(32, 8, 1)",9395240960.0,0.002691568,1261543040.0,7.447525103635655,3490624835606.1987,2,one exploratory capture,38700000000000.0,768000000000.0
Q4_K_M,decode,0,Q projection,q4_K,8192,8,8192,"void mul_mat_vec_q<(ggml_type)12, (int)8, (bool)0, (bool)0, (bool)0>(const void *, const void *, const int *, ggml_cuda_mm_fusion_args_device, float *, unsigned int, uint3, unsigned int, unsigned int, unsigned int, uint3, unsigned int, unsigned int, unsigned int, uint3, unsigned int, unsigned int, unsigned int, unsigned int)","(4096, 1, 1)","(32, 2, 1)",415109120.0,9.408000000000001e-05,40551040.0,10.236707122677988,4412299319727.891,3,one exploratory capture,38700000000000.0,768000000000.0
Q4_K_M,decode,0,V projection,q6_K,1024,8,8192,"void mul_mat_vec_q<(ggml_type)14, (int)8, (bool)0, (bool)0, (bool)0>(const void *, const void *, const int *, ggml_cuda_mm_fusion_args_device, float *, unsigned int, uint3, unsigned int, unsigned int, unsigned int, uint3, unsigned int, unsigned int, unsigned int, uint3, unsigned int, unsigned int, unsigned int, unsigned int)","(512, 1, 1)","(32, 2, 1)",51888640.0,2.3296000000000002e-05,9534336.0,5.442291943560622,2227362637362.637,5,one exploratory capture,38700000000000.0,768000000000.0
Q4_K_M,decode,0,K projection,q4_K,1024,8,8192,"void mul_mat_vec_q<(ggml_type)12, (int)8, (bool)0, (bool)0, (bool)0>(const void *, const void *, const int *, ggml_cuda_mm_fusion_args_device, float *, unsigned int, uint3, unsigned int, unsigned int, unsigned int, uint3, unsigned int, unsigned int, unsigned int, uint3, unsigned int, unsigned int, unsigned int, unsigned int)","(512, 1, 1)","(32, 2, 1)",51888640.0,1.9200000000000003e-05,6747136.0,7.690468963423888,2702533333333.333,5,one exploratory capture,38700000000000.0,768000000000.0
Q4_K_M,decode,0,FlashAttention,f32,,,,"void flash_attn_ext_f16<(int)128, (int)128, (int)1, (int)8, (bool)0, (bool)0, (bool)0>(const char *, const char *, const char *, const char *, const char *, const int *, float *, float2 *, float, float, float, float, unsigned int, float, int, uint3, int, int, int, int, int, int, int, int, int, int, int, long, int, int, long, int, int, int, int, int, long)","(64, 1, 1)","(32, 4, 1)",7727104.0,0.00011753600000000001,78525184.0,0.09840287671277535,65742444867.955345,5,one exploratory capture,38700000000000.0,768000000000.0
Q4_K_M,decode,0,Attn. output,q4_K,8192,8,8192,"void mul_mat_vec_q<(ggml_type)12, (int)8, (bool)0, (bool)0, (bool)0>(const void *, const void *, const int *, ggml_cuda_mm_fusion_args_device, float *, unsigned int, uint3, unsigned int, unsigned int, unsigned int, uint3, unsigned int, unsigned int, unsigned int, uint3, unsigned int, unsigned int, unsigned int, unsigned int)","(4096, 1, 1)","(32, 2, 1)",415109120.0,9.4576e-05,40556544.0,10.235317914161847,4389169369979.9424,2,one exploratory capture,38700000000000.0,768000000000.0
Q4_K_M,decode,0,FFN gate/up,q4_K,28672,8,8192,"void mul_mat_vec_q<(ggml_type)12, (int)8, (bool)0, (bool)0, (bool)0>(const void *, const void *, const int *, ggml_cuda_mm_fusion_args_device, float *, unsigned int, uint3, unsigned int, unsigned int, unsigned int, uint3, unsigned int, unsigned int, unsigned int, uint3, unsigned int, unsigned int, unsigned int, unsigned int)","(14336, 1, 1)","(32, 2, 1)",1452881920.0,0.00031824,135622656.0,10.712678566035457,4565365510306.687,5,one exploratory capture,38700000000000.0,768000000000.0
Q4_K_M,decode,0,FFN down,q6_K,8192,8,28672,"void mul_mat_vec_q<(ggml_type)14, (int)8, (bool)0, (bool)0, (bool)0>(const void *, const void *, const int *, ggml_cuda_mm_fusion_args_device, float *, unsigned int, uint3, unsigned int, unsigned int, unsigned int, uint3, unsigned int, unsigned int, unsigned int, uint3, unsigned int, unsigned int, unsigned int, unsigned int)","(4096, 1, 1)","(32, 2, 1)",1421742080.0,0.00042710400000000004,197495040.0,7.198874867946051,3328795984116.281,5,one exploratory capture,38700000000000.0,768000000000.0
Q4_K_M,decode,0,FlashAttention,f32,,,,"void flash_attn_ext_f16<(int)128, (int)128, (int)1, (int)8, (bool)0, (bool)0, (bool)0>(const char *, const char *, const char *, const char *, const char *, const int *, float *, float2 *, float, float, float, float, unsigned int, float, int, uint3, int, int, int, int, int, int, int, int, int, int, int, long, int, int, long, int, int, int, int, int, long)","(84, 1, 1)","(32, 4, 1)",6992640.0,0.00010099200000000001,66449408.0,0.10523254022067435,69239543726.23573,5,one exploratory capture,38700000000000.0,768000000000.0
Q4_K_M,decode,0,FlashAttention,f32,,,,"void flash_attn_ext_f16<(int)128, (int)128, (int)1, (int)8, (bool)0, (bool)0, (bool)0>(const char *, const char *, const char *, const char *, const char *, const int *, float *, float2 *, float, float, float, float, unsigned int, float, int, uint3, int, int, int, int, int, int, int, int, int, int, int, long, int, int, long, int, int, int, int, int, long)","(80, 1, 1)","(32, 4, 1)",1712640.0,2.5984e-05,12940288.0,0.13234945002769644,65911330049.261086,5,one exploratory capture,38700000000000.0,768000000000.0
Q4_K_M,decode,1,LM head,q6_K,128256,8,8192,"void mul_mat_vec_q<(ggml_type)14, (int)8, (bool)0, (bool)0, (bool)0>(const void *, const void *, const int *, ggml_cuda_mm_fusion_args_device, float *, unsigned int, uint3, unsigned int, unsigned int, unsigned int, uint3, unsigned int, unsigned int, unsigned int, uint3, unsigned int, unsigned int, unsigned int, unsigned int)","(64128, 1, 1)","(32, 2, 1)",6499052160.0,0.00202448,868771456.0,7.480738593695233,3210232830158.8555,5,one exploratory capture,38700000000000.0,768000000000.0
Q2_K,prefill,0,Q projection,q2_K,8192,512,8192,"void mul_mat_q<(ggml_type)10, (int)128, (bool)0>(const char *, const int *, const int *, const int *, float *, float *, const float *, uint3, int, int, int, int, int, uint3, uint3, int, int, int, uint3, uint3, int, int, int, uint3)","(84, 1, 1)","(32, 8, 1)",9663676416.0,0.001088512,163299968.0,59.17745443771305,8877877704609.596,3,one exploratory capture,38700000000000.0,768000000000.0
Q2_K,prefill,0,K projection,q2_K,1024,512,8192,"void mul_mat_q<(ggml_type)10, (int)128, (bool)0>(const char *, const int *, const int *, const int *, float *, float *, const float *, uint3, int, int, int, int, int, uint3, uint3, int, int, int, uint3, uint3, int, int, int, uint3)","(84, 1, 1)","(32, 8, 1)",1207959552.0,0.000187472,20055040.0,60.23241365439974,6443544999318.208,2,one exploratory capture,38700000000000.0,768000000000.0
Q2_K,prefill,0,FlashAttention,f32,,,,"void flash_attn_ext_f16<(int)128, (int)128, (int)8, (int)8, (bool)0, (bool)0, (bool)0>(const char *, const char *, const char *, const char *, const char *, const int *, float *, float2 *, float, float, float, float, unsigned int, float, int, uint3, int, int, int, int, int, int, int, int, int, int, int, long, int, int, long, int, int, int, int, int, long)","(512, 1, 1)","(32, 4, 1)",96731136.0,0.000129376,38875136.0,2.4882520282372775,747674499134.3062,5,one exploratory capture,38700000000000.0,768000000000.0
Q2_K,prefill,0,Attn. output,q3_K,8192,512,8192,"void mul_mat_q<(ggml_type)11, (int)128, (bool)0>(const char *, const int *, const int *, const int *, float *, float *, const float *, uint3, int, int, int, int, int, uint3, uint3, int, int, int, uint3, uint3, int, int, int, uint3)","(84, 1, 1)","(32, 8, 1)",5385486336.0,0.0007728640000000001,186638080.0,28.85523863083032,6968219940377.608,3,one exploratory capture,38700000000000.0,768000000000.0
Q2_K,prefill,0,FFN gate/up,q2_K,28672,512,8192,"void mul_mat_q<(ggml_type)10, (int)128, (bool)0>(const char *, const int *, const int *, const int *, float *, float *, const float *, uint3, int, int, int, int, int, uint3, uint3, int, int, int, uint3, uint3, int, int, int, uint3)","(896, 1, 1)","(32, 8, 1)",33822867456.0,0.003363104,187742464.0,180.1556597020054,10057038811764.37,5,one exploratory capture,38700000000000.0,768000000000.0
Q2_K,prefill,0,FFN down,q3_K,8192,512,28672,"void mul_mat_q<(ggml_type)11, (int)128, (bool)0>(const char *, const int *, const int *, const int *, float *, float *, const float *, uint3, int, int, int, int, int, uint3, uint3, int, int, int, uint3, uint3, int, int, int, uint3)","(84, 1, 1)","(32, 8, 1)",18849202176.0,0.0026699360000000004,687377664.0,27.421939267931492,7059802747803.672,2,one exploratory capture,38700000000000.0,768000000000.0
Q2_K,decode,0,Q projection,q2_K,8192,8,8192,"void mul_mat_vec_q<(ggml_type)10, (int)8, (bool)0, (bool)0, (bool)0>(const void *, const void *, const int *, ggml_cuda_mm_fusion_args_device, float *, unsigned int, uint3, unsigned int, unsigned int, unsigned int, uint3, unsigned int, unsigned int, unsigned int, uint3, unsigned int, unsigned int, unsigned int, unsigned int)","(4096, 1, 1)","(32, 2, 1)",683544576.0,0.000117856,24793216.0,27.569822970928822,5799828400760.25,5,one exploratory capture,38700000000000.0,768000000000.0
Q2_K,decode,0,K projection,q2_K,1024,8,8192,"void mul_mat_vec_q<(ggml_type)10, (int)8, (bool)0, (bool)0, (bool)0>(const void *, const void *, const int *, ggml_cuda_mm_fusion_args_device, float *, unsigned int, uint3, unsigned int, unsigned int, unsigned int, uint3, unsigned int, unsigned int, unsigned int, uint3, unsigned int, unsigned int, unsigned int, unsigned int)","(512, 1, 1)","(32, 2, 1)",85443072.0,2.2688e-05,3876480.0,22.041406636948984,3766002820874.471,5,one exploratory capture,38700000000000.0,768000000000.0
Q2_K,decode,0,FlashAttention,f32,,,,"void flash_attn_ext_f16<(int)128, (int)128, (int)1, (int)8, (bool)0, (bool)0, (bool)0>(const char *, const char *, const char *, const char *, const char *, const int *, float *, float2 *, float, float, float, float, unsigned int, float, int, uint3, int, int, int, int, int, int, int, int, int, int, int, long, int, int, long, int, int, int, int, int, long)","(64, 1, 1)","(32, 4, 1)",7727104.0,0.000117088,78524160.0,0.09840415994262149,65993987428.25909,5,one exploratory capture,38700000000000.0,768000000000.0
Q2_K,decode,0,Attn. output,q3_K,8192,8,8192,"void mul_mat_vec_q<(ggml_type)11, (int)8, (bool)0, (bool)0, (bool)0>(const void *, const void *, const int *, ggml_cuda_mm_fusion_args_device, float *, unsigned int, uint3, unsigned int, unsigned int, unsigned int, uint3, unsigned int, unsigned int, unsigned int, uint3, unsigned int, unsigned int, unsigned int, unsigned int)","(4096, 1, 1)","(32, 2, 1)",348000256.0,0.000127424,31619840.0,11.005756385864066,2731041687594.174,3,one exploratory capture,38700000000000.0,768000000000.0
Q2_K,decode,0,FFN gate/up,q2_K,28672,8,8192,"void mul_mat_vec_q<(ggml_type)10, (int)8, (bool)0, (bool)0, (bool)0>(const void *, const void *, const int *, ggml_cuda_mm_fusion_args_device, float *, unsigned int, uint3, unsigned int, unsigned int, unsigned int, uint3, unsigned int, unsigned int, unsigned int, uint3, unsigned int, unsigned int, unsigned int, unsigned int)","(14336, 1, 1)","(32, 2, 1)",2392406016.0,0.00040230400000000003,80503680.0,29.71797085549381,5946761692650.334,5,one exploratory capture,38700000000000.0,768000000000.0
Q2_K,decode,0,FFN down,q3_K,8192,8,28672,"void mul_mat_vec_q<(ggml_type)11, (int)8, (bool)0, (bool)0, (bool)0>(const void *, const void *, const int *, ggml_cuda_mm_fusion_args_device, float *, unsigned int, uint3, unsigned int, unsigned int, unsigned int, uint3, unsigned int, unsigned int, unsigned int, uint3, unsigned int, unsigned int, unsigned int, unsigned int)","(4096, 1, 1)","(32, 2, 1)",1186861056.0,0.000434976,104352256.0,11.373602276025574,2728581884202.4717,2,one exploratory capture,38700000000000.0,768000000000.0
Q2_K,decode,0,FlashAttention,f32,,,,"void flash_attn_ext_f16<(int)128, (int)128, (int)1, (int)8, (bool)0, (bool)0, (bool)0>(const char *, const char *, const char *, const char *, const char *, const int *, float *, float2 *, float, float, float, float, unsigned int, float, int, uint3, int, int, int, int, int, int, int, int, int, int, int, long, int, int, long, int, int, int, int, int, long)","(84, 1, 1)","(32, 4, 1)",4917120.0,7.139200000000001e-05,45170688.0,0.1088564336235038,68874943971.31331,5,one exploratory capture,38700000000000.0,768000000000.0
Q2_K,decode,0,FlashAttention,f32,,,,"void flash_attn_ext_f16<(int)128, (int)128, (int)1, (int)8, (bool)0, (bool)0, (bool)0>(const char *, const char *, const char *, const char *, const char *, const int *, float *, float2 *, float, float, float, float, unsigned int, float, int, uint3, int, int, int, int, int, int, int, int, int, int, int, long, int, int, long, int, int, int, int, int, long)","(80, 1, 1)","(32, 4, 1)",2695680.0,4.1632000000000004e-05,23809792.0,0.11321728472050491,64750192159.877014,5,one exploratory capture,38700000000000.0,768000000000.0
